filename,ADIDAS_fake,ADIDAS_original,FILA_fake,FILA_original,NIKE_fake,NIKE_original,PUMA_fake,PUMA_original
5ea5fa25-nice-algaida-adidas-parody-tshirt-sweater-_jpg.rf.8f716ac294cb5351aeba00a083a74618.jpg,1,0,0,0,0,0,0,0
IMG-1865_jpg.rf.ed487e6236db12acdba880e664887fc1.jpg,0,1,0,0,0,0,0,0
IMG_1931_PNG_jpg.rf.28c8258ce0bf029a6f6c8a1de28c2b83.jpg,0,0,0,0,0,0,0,1
97f7495135ad8bc0b7b37f417e2f99a7_jpg.rf.a6efd59f2deb659c52f1cfc8fd0af832.jpg,0,0,0,0,0,1,0,0
12011431_1_1_jpg.rf.ca5514af4bb2018ca9817dbede7d0b20.jpg,0,0,0,1,0,0,0,0
11009586_1_jpg.rf.d16b5f39b51b9e5337674918e8d96c7e.jpg,0,0,0,1,0,0,0,0
fila-fake7_jpg.rf.ecc8195b13338bcbc7c5aab97f68ac14.jpg,0,0,1,0,0,0,0,0
nike26_jpg.rf.2795054beb071d3c1b1b40cf41b77683.jpg,0,0,0,0,0,1,0,0
il_1588xN-2351673305_8193_jpg.rf.04ca8f0d5b89ff735cdddfc7587214ea.jpg,0,0,0,0,1,0,0,0
nike-WhiteBlack-Floral-All-Over-Print-T-shirt_jpeg.rf.b477f147ccff7b4b156ed533add718fe.jpg,0,0,0,0,0,1,0,0
food-fake-13_jpg.rf.3cef95c8b65262bc12b20c0feacd8404.jpg,0,0,0,0,1,0,0,0
IMG-20140101-WA0000_jpg.rf.0f06895716ba8196e4f28390173f2de7.jpg,0,0,0,0,1,0,0,0
IMG-1864_jpg.rf.82c7e6786d6db3f3e586917767977495.jpg,0,1,0,0,0,0,0,0
imgbin-t-shirt-hoodie-puma-clothing-t-shirt-4EZwiiPviL6pKCPg7SYxasisZ_jpg.rf.b27cff1cf955f22542497de1d47b4c61.jpg,0,0,0,0,0,0,0,1
fila-fake-15_jpg.rf.038ede0fb7c906f72bb0ddb7f7d894a1.jpg,0,0,1,0,0,0,0,0
fila-fake24_jpg.rf.caf0c8343a3ae4fd0ff360a652d8d2db.jpg,0,0,1,0,0,0,0,0
fbff06487c90b6c05a8ee2dfbe557d32b7fb27fc_797_1024_jpeg_jpg.rf.17147d29e78c5f6fe5039afa4a14952f.jpg,0,0,0,0,0,0,1,0
c38205dfb17b7645c7ffef1c11268b89_jpg.rf.fc9621772e607c97c3f4236bcea0e99e.jpg,1,0,0,0,0,0,0,0
IMG_1948_JPG_jpg.rf.beacb2b1b2f19b3aa721bc0da647fa18.jpg,0,0,0,0,0,0,0,1
IMG-1857_jpg.rf.a6fbbfbd802bdd0b9dd309e6d2ea5685.jpg,0,1,0,0,0,0,0,0
fila-fake3_jpg.rf.c9f53265fb47ad5518aa067ff6125761.jpg,0,0,1,0,0,0,0,0
IMG-1851_jpg.rf.1b125d7c1b2d20a6393a0483cfaa8edb.jpg,0,1,0,0,0,0,0,0
IMG-1871_jpg.rf.852b2a9da84666c47d823529d423f62f.jpg,0,1,0,0,0,0,0,0
desktop-wallpaper-fila-logos-fila-logo_jpg.rf.ee9c8094c1726c138ded5bb994d05abd.jpg,0,0,0,1,0,0,0,0
sjqgg_512_jpg.rf.b98cb8faa4328e03baedcd1e07681a83.jpg,1,0,0,0,0,0,0,0
puma-tr-core-bottle-750ml_jpg.rf.f9b73019092c5b13068451237cf1ebc9.jpg,0,0,0,0,0,0,0,1
81JKQgUMkRL-_UX569__jpg.rf.e22468a870809b2d163a3f1fa908b651.jpg,0,0,0,0,0,1,0,0
IMG_1932_JPG_jpg.rf.a7192d3602f828d5032a044a92e528ad.jpg,0,0,0,0,0,0,0,1
11010945_5_jpg.rf.64514846cbcb8977128cad2876a01a2b.jpg,0,0,0,1,0,0,0,0
nike31_jpg.rf.d5cecf34b3b4543ee442e60943f58be6.jpg,0,0,0,0,0,1,0,0
st-small-507x507-pad-600x600-f8f8f8-u1_jpg.rf.a46d4e667b360ca43fbdaabc4595b355.jpg,0,0,0,0,1,0,0,0
IMG_1994_JPG.rf.672e092e982b9a8eb62c5614065d4741.jpg,0,0,0,0,0,0,1,0
IMG_1947_JPG_jpg.rf.b12cb71ff111c97c0edfbbe10efa8d46.jpg,0,0,0,0,0,0,0,1
12010878_1_jpg.rf.09981df3d1ce2eca084d687f2f526f9d.jpg,0,0,0,1,0,0,0,0
11-11008872-11-fila-wht-pea-chn-rd-original-imag76t9tvrkj6v3_jpg.rf.aaa204795819d6be7dc03e7985471420.jpg,0,0,0,1,0,0,0,0
just-puck-it-hockey-nike-shirt-Unisex_jpg.rf.9f2d77a21cdb64cc6f9cfdeecf28c1c1.jpg,0,0,0,0,1,0,0,0
IMG-1861_jpg.rf.e9681abc5f8171340f83c21393630372.jpg,0,1,0,0,0,0,0,0
ssrco-classic_tee-mens-101010-01c5ca27c6-front_alt-square_product-600x600_jpg.rf.45767b60af3c54fcdee0f0c3c432bcd6.jpg,1,0,0,0,0,0,0,0
5ea5fa25-nice-algaida-adidas-parody-tshirt-sweater-_jpg.rf.11d25d42289a562c19dad674cb65a0fb.jpg,1,0,0,0,0,0,0,0
channels4_profile_jpg.rf.da968fbac5184a4328f8de746700ee6c.jpg,0,1,0,0,0,0,0,0
fila-fake18_png_jpg.rf.14299060f47dbfa4cd71dc9ae7f97892.jpg,0,0,1,0,0,0,0,0
Xt_c0sh9_400x400_jpg.rf.c3a167c7c0d0c60916e54660cc91d8c0.jpg,1,0,0,0,0,0,0,0
IMG_1928_JPG_jpg.rf.21611df756f285cc9c859f936e7eed1f.jpg,0,0,0,0,0,0,0,1
nike_fake_jpg.rf.40f7643d940e2b79992c092266307833.jpg,0,0,0,0,1,0,0,0
fbff06487c90b6c05a8ee2dfbe557d32b7fb27fc_797_1024_jpeg_jpg.rf.5412fea5727fb77b81a308027c4b9862.jpg,0,0,0,0,0,0,1,0
IMG_1931_PNG_jpg.rf.9585b6ea9de153cc7f8d2a808ffa1d1d.jpg,0,0,0,0,0,0,0,1
IMG-20140101-WA0000_jpg.rf.01996e4033d6f1fbbf0390faee76af07.jpg,0,0,0,0,1,0,0,0
MP000000012709981_320Wx357H_202204031346021_jpeg_jpg.rf.ac57c0b1a1cc54ba6575ff3d78370a7b.jpg,0,1,0,0,0,0,0,0
IMG-1871_jpg.rf.c4f85b31d931615b9a28169ca8bb14d5.jpg,0,1,0,0,0,0,0,0
nike26_jpg.rf.29f83b6e56665ff3aed21e199235304f.jpg,0,0,0,0,0,1,0,0
c38205dfb17b7645c7ffef1c11268b89_jpg.rf.bb108e3afcaca02132e2abac0385703f.jpg,1,0,0,0,0,0,0,0
12011838_1_jpg.rf.7dc9c4ff360e31fdda6ba009d816085f.jpg,0,0,0,1,0,0,0,0
il_1588xN-2351673305_8193_jpg.rf.e43edbde66a22a5c935349ce4e72d80b.jpg,0,0,0,0,1,0,0,0
fila-fake7_jpg.rf.a0c12bfa93791316023f091f98b8c72d.jpg,0,0,1,0,0,0,0,0
165811034-165811034-AW232262023_01-2100_jpg.rf.f235803ca729433015f60f52b9efec2d.jpg,0,0,0,0,0,0,0,1
imgbin-t-shirt-hoodie-puma-clothing-t-shirt-4EZwiiPviL6pKCPg7SYxasisZ_jpg.rf.0fd395f37142d7747379de24fc6e651f.jpg,0,0,0,0,0,0,0,1
fila-fake13_jpg.rf.df0bf9c693520f5b60945d489fdf06a2.jpg,0,0,1,0,0,0,0,0
12011431_1_1_jpg.rf.efb4a39048305fc623396c9f582def8d.jpg,0,0,0,1,0,0,0,0
eda941e488522e50cc9ebc49df3037b3_jpg.rf.e927fea04a4fcbb0fa75991b4a956255.jpg,0,0,0,0,1,0,0,0
fila-fake24_jpg.rf.9ad3e9f98b40fb40970a0ed68adde852.jpg,0,0,1,0,0,0,0,0
nike-WhiteBlack-Floral-All-Over-Print-T-shirt_jpeg.rf.842f659cb7f6185a04ab57b8d38dc0d6.jpg,0,0,0,0,0,1,0,0
desktop-wallpaper-fila-logos-fila-logo_jpg.rf.995ea04a4b30b73e3b4ba91b4a6c89f9.jpg,0,0,0,1,0,0,0,0
IMG_1994_JPG.rf.0971eb7ef3e00757550ef6221e8853a1.jpg,0,0,0,0,0,0,1,0
IMG_1947_JPG_jpg.rf.4e02317911b2e0ec026c6a453db3ede9.jpg,0,0,0,0,0,0,0,1
IMG-1865_jpg.rf.2eebdabd9d6c1e0a2b1a07f0455a49a5.jpg,0,1,0,0,0,0,0,0
IMG_1948_JPG_jpg.rf.748474ae2e662ad3129708f03eac2d5b.jpg,0,0,0,0,0,0,0,1
IMG-1864_jpg.rf.4e2273785ec0a462b4eedf8e5fe32e1d.jpg,0,1,0,0,0,0,0,0
11009586_1_jpg.rf.3763482cd533f4a183d9e9bc6d25aaab.jpg,0,0,0,1,0,0,0,0
fila-fake3_jpg.rf.a4a2d18130afb0a89335e9e0b66c37ef.jpg,0,0,1,0,0,0,0,0
97f7495135ad8bc0b7b37f417e2f99a7_jpg.rf.be80dd4206e1157f9305d2e1e2bf6ef9.jpg,0,0,0,0,0,1,0,0
IMG-1857_jpg.rf.bb1136e4dc5cad1f8787680725f48da5.jpg,0,1,0,0,0,0,0,0
IMG-1851_jpg.rf.1a1f03008708b7e4c06a038c8868cdef.jpg,0,1,0,0,0,0,0,0
11010945_5_jpg.rf.a0b1f6270fa5aa314bea41509218a40c.jpg,0,0,0,1,0,0,0,0
food-fake-13_jpg.rf.89493570ca19bb876a8711a81c6b437a.jpg,0,0,0,0,1,0,0,0
sjqgg_512_jpg.rf.be1135eed501e34e6a1e81389e2029aa.jpg,1,0,0,0,0,0,0,0
just-puck-it-hockey-nike-shirt-Unisex_jpg.rf.419ca93b28026f31ecff6d636489ea06.jpg,0,0,0,0,1,0,0,0
puma-tr-core-bottle-750ml_jpg.rf.1fe48727811e40fde697e1437637970f.jpg,0,0,0,0,0,0,0,1
MP000000012709981_320Wx357H_202204031346021_jpeg_jpg.rf.0de38ee415e21ac42f117fb13da93260.jpg,0,1,0,0,0,0,0,0
nike_fake_jpg.rf.377467393fa53fba11e46bd40cb5ea17.jpg,0,0,0,0,1,0,0,0
IMG_1932_JPG_jpg.rf.84d2d0a4fd4ee45cbd74afc7c1b7326a.jpg,0,0,0,0,0,0,0,1
fila-fake18_png_jpg.rf.94acfcc2a7420fc4c623a2364699e73d.jpg,0,0,1,0,0,0,0,0
ssrco-classic_tee-mens-101010-01c5ca27c6-front_alt-square_product-600x600_jpg.rf.afe94c54f6b3bd9302270d0899cc2c75.jpg,1,0,0,0,0,0,0,0
st-small-507x507-pad-600x600-f8f8f8-u1_jpg.rf.3edfcd61645f4a6eee5bb87e7c298525.jpg,0,0,0,0,1,0,0,0
eda941e488522e50cc9ebc49df3037b3_jpg.rf.5666986c48a315658f557a71893b30d1.jpg,0,0,0,0,1,0,0,0
fila-fake-15_jpg.rf.791ae3d4a587da934f414a2077b6f872.jpg,0,0,1,0,0,0,0,0
11-11008872-11-fila-wht-pea-chn-rd-original-imag76t9tvrkj6v3_jpg.rf.b91c52f232154737df6cb147559bad04.jpg,0,0,0,1,0,0,0,0
nike31_jpg.rf.556803e34697a48882c667481562f171.jpg,0,0,0,0,0,1,0,0
channels4_profile_jpg.rf.34e901437e1318732868561e54823d69.jpg,0,1,0,0,0,0,0,0
fila-fake13_jpg.rf.9f6b37573c214c72a0234e21094ac873.jpg,0,0,1,0,0,0,0,0
IMG-1861_jpg.rf.06b7c66347ca083e2a85e3a093e495a2.jpg,0,1,0,0,0,0,0,0
12010878_1_jpg.rf.1d8470742563407e53819629610c4ee0.jpg,0,0,0,1,0,0,0,0
Stranger-Things-3-Pumbaa-Lion-King-Puma-parody-LongSleeve_jpeg_jpg.rf.cef4c253bc5f690010aad324f8e9c22f.jpg,0,0,0,0,0,0,1,0
IMG_7552_jpg.rf.d6b03db2e060c60a15f52660bac30ac0.jpg,0,0,0,0,0,1,0,0
Xt_c0sh9_400x400_jpg.rf.dfbe0c348442166f18745539270319b3.jpg,1,0,0,0,0,0,0,0
IMG-1854_jpg.rf.66d2b93deb6a3766c0722cc29610f97a.jpg,0,1,0,0,0,0,0,0
China-imitation-Nike_jpg.rf.23d5f7309ced88c89b4e022294c09f8f.jpg,0,0,0,0,1,0,0,0
puma_logo_by_iamjihad_d2vk2jj-fullview_jpg.rf.7a1f9b172f750ae16a5fe22ea81d6761.jpg,0,0,0,0,0,0,1,0
12011838_1_jpg.rf.5ebe336957c5cc4edb749b718e5a3742.jpg,0,0,0,1,0,0,0,0
Adidas-Logo-1991_jpg.rf.11f2aa5e610ae581a9211983e34896ec.jpg,0,1,0,0,0,0,0,0
417337-125-ss-01_jpg.rf.b84be78f2f9c3ab89392e57994fb5c8d.jpg,0,0,0,1,0,0,0,0
IMG_1928_JPG_jpg.rf.99c5861eb52674e644d5ebcc911551f1.jpg,0,0,0,0,0,0,0,1
st-small-507x507-pad-600x600-f8f8f8_jpg.rf.b28b11a8c6655911b1352dd2ddf14368.jpg,1,0,0,0,0,0,0,0
nike-sb-dunk-low-grateful-dead-green-bear-cj5378-300-510x600_jpg.rf.2b0edb5cbbe093f30e214c2df10733f9.jpg,0,0,0,0,1,0,0,0
165811034-165811034-AW232262023_01-2100_jpg.rf.44e02d005b0a2f1c47783902d36aeff9.jpg,0,0,0,0,0,0,0,1
IMG_1991_JPG.rf.faef6b145544a6c270e5124a67a01cb2.jpg,0,0,0,0,0,0,1,0
1809518c-1915-4e5f-9246-e06e1d9bdc04_1-ca294e6145a87caa6d4fd936b9cd012b_jpg.rf.922df3a54892a38648ba219494b3718f.jpg,0,0,0,0,0,1,0,0
c5ab23f9e71f88a7e743399c8ec43e6b_jpg.rf.f4928e85400010b04362bd712e091987.jpg,1,0,0,0,0,0,0,0
fake_adidas_shirt_1431267763_ee9148bc_jpg.rf.6d2576bc43e6ffa9cf2cc979b7015bbd.jpg,0,1,0,0,0,0,0,0
IMG-1873_JPG_jpg.rf.e424b85393b319b086af010b046df7e2.jpg,0,1,0,0,0,0,0,0
52200_1267783470_adidas_jpg.rf.0ea9e841c300ba42ee46ab77c0e9bda2.jpg,1,1,0,0,0,0,0,0
b20ab4fe4df2f9fdddca39d8cab0653e_jpg.rf.0f9e83c87a9f681cfac28717a5a7fed2.jpg,1,0,0,0,0,0,0,0
images_jpeg_jpg.rf.e8d78281c86a6c9116f570c59eff8660.jpg,1,0,0,0,0,0,0,0
81JKQgUMkRL-_UX569__jpg.rf.3a324397b665eb37caac8e0ef1e980ae.jpg,0,0,0,0,0,1,0,0
fila-fake14_jpg.rf.bda804bf2fdf0ce2fe653cc8944735af.jpg,0,0,1,0,0,0,0,0
slwd2_512_jpg.rf.ea37fedd0b4779f174e49daa401a7567.jpg,1,0,0,0,0,0,0,0
IMG-1871_jpg.rf.f20e2349abadad5db4552e9546ae4dc8.jpg,0,1,0,0,0,0,0,0
nike16_jpg.rf.558bea27ff69f34cb10c6f99a6c6aad9.jpg,0,0,0,0,0,1,0,0
2b3fa760d48437c4e7281d1b7a2b7f5a_jpeg_jpg.rf.19347e47a14c7778470cd632f24a323a.jpg,0,0,0,0,0,0,1,0
opk_jpg.rf.c7cec3b4d75b7ec03b805c6fc7018d2c.jpg,0,1,0,0,0,0,0,0
fbff06487c90b6c05a8ee2dfbe557d32b7fb27fc_797_1024_jpeg_jpg.rf.323504b7fdea850b9589ccfa1fe17a88.jpg,0,0,0,0,0,0,1,0
academy-team-football-duffel-bag-n48bFz_jpeg_jpg.rf.8141c114f991476ce4d7ce5f46a41308.jpg,0,0,0,0,0,1,0,0
IMG-1868_jpg.rf.fa26a1ff5fa36eaed4abad9318aa80bd.jpg,0,1,0,0,0,0,0,0
nikemercurialveloceiiidffgunvstyred__99389_jpg.rf.12c043e2b3b6b03e4f793733893b82a9.jpg,0,0,0,0,0,1,0,0
5ea5fa25-nice-algaida-adidas-parody-tshirt-sweater-_jpg.rf.373104a3404b3fd5acc8928400ce49f3.jpg,1,0,0,0,0,0,0,0
main-qimg-f7940fb77ba49276acc7ea235c90d337_jpg.rf.2bc9785d54998f9ca44c7462bdfb2d3a.jpg,1,0,0,0,0,0,0,0
il_1588xN-2351673305_8193_jpg.rf.3d2a6b70e13e077f4a68ade462d268a6.jpg,0,0,0,0,1,0,0,0
imgbin-t-shirt-hoodie-puma-clothing-t-shirt-4EZwiiPviL6pKCPg7SYxasisZ_jpg.rf.4f5bd916fdb265e699a437b170febea5.jpg,0,0,0,0,0,0,0,1
IMG_1931_PNG_jpg.rf.f3391162f765722e00a82a16af949cfc.jpg,0,0,0,0,0,0,0,1
IMG-1865_jpg.rf.b9f6415f02b66ef74b73f6aafa7db39d.jpg,0,1,0,0,0,0,0,0
12011431_1_1_jpg.rf.6b75480079147b2d0fa93ad8215866a3.jpg,0,0,0,1,0,0,0,0
IMG-1870_jpg.rf.e99908edfb5a914577ce737c18d2753c.jpg,0,1,0,0,0,0,0,0
91JJVhbmf5S-_UY879__jpg.rf.820e0144d35b3351247d812eb25036d5.jpg,0,0,0,0,0,1,0,0
nike26_jpg.rf.4a8738e491557ee37e6a8b4e90d49bf8.jpg,0,0,0,0,0,1,0,0
fila-fake22_jpg.rf.ba13552ca65ec21ad2afc5a3c5388a4b.jpg,0,0,1,0,0,0,0,0
fila-fake7_jpg.rf.f335ba3a4e444423e592fa9007bd3f1c.jpg,0,0,1,0,0,0,0,0
11009586_1_jpg.rf.4d27426a5dc826548e22cf0a4f93c2a2.jpg,0,0,0,1,0,0,0,0
fila-fake-15_jpg.rf.af64863a41b5f552bfbc1ac6a9dc8def.jpg,0,0,1,0,0,0,0,0
fila-fake24_jpg.rf.3e2e07aeed4c8e211250b49464714390.jpg,0,0,1,0,0,0,0,0
IMG-1866_jpg.rf.2a7c9ccfe8dc3862ff96824be63cc04c.jpg,0,1,0,0,0,0,0,0
IMG-20140101-WA0000_jpg.rf.1392886f9bac84e515b143bc40f60ec4.jpg,0,0,0,0,1,0,0,0
food-fake-13_jpg.rf.c0e412dbc1a4f3f84f37d67eec30d11e.jpg,0,0,0,0,1,0,0,0
desktop-wallpaper-fila-logos-fila-logo_jpg.rf.617578195a50aab312093393f34ad84b.jpg,0,0,0,1,0,0,0,0
IMG_1948_JPG_jpg.rf.6d439a1249a95170fea37db6d9a87346.jpg,0,0,0,0,0,0,0,1
IMG_1994_JPG.rf.1a3bf496e3d1df172c7e3707d212fdf3.jpg,0,0,0,0,0,0,1,0
c38205dfb17b7645c7ffef1c11268b89_jpg.rf.5af7b8a8e777174d6da6641d157d1c4c.jpg,1,0,0,0,0,0,0,0
IMG-1857_jpg.rf.b4daa0c9e391645588403aa48807678a.jpg,0,1,0,0,0,0,0,0
nike-WhiteBlack-Floral-All-Over-Print-T-shirt_jpeg.rf.e43a4b67fe074201510bfbce0ff57478.jpg,0,0,0,0,0,1,0,0
11010945_5_jpg.rf.9fffa38701fe5480eb3d990641cce4ab.jpg,0,0,0,1,0,0,0,0
81JKQgUMkRL-_UX569__jpg.rf.68dda805743a2f5cf9861633cb61660a.jpg,0,0,0,0,0,1,0,0
nike31_jpg.rf.0c7f1c6aaa98517937b370fae27eed7e.jpg,0,0,0,0,0,1,0,0
MP000000012709981_320Wx357H_202204031346021_jpeg_jpg.rf.ff09455a7f56a428c23354875123fd0b.jpg,0,1,0,0,0,0,0,0
bdfcea8689484eef36bf9c4548b436d4_jpg.rf.409c0c166b80b5f9371420f5782914a2.jpg,0,0,0,0,0,1,0,0
st-small-507x507-pad-600x600-f8f8f8-u1_jpg.rf.70ef07685f9de7e44222582fbf3b4c3f.jpg,0,0,0,0,1,0,0,0
IMG-1851_jpg.rf.784466df01b9b51454562bd59464a9cc.jpg,0,1,0,0,0,0,0,0
IMG-1864_jpg.rf.552cabb64d82ec81160f4fd4fa378553.jpg,0,1,0,0,0,0,0,0
IMG_1947_JPG_jpg.rf.8db1d6adbf28e6cf29c65eed9a331adf.jpg,0,0,0,0,0,0,0,1
fila-fake3_jpg.rf.38288c2665ad50cafc6d81767b692f66.jpg,0,0,1,0,0,0,0,0
sjqgg_512_jpg.rf.2b195a7836f1cfb4da2535005bc54a9e.jpg,1,0,0,0,0,0,0,0
IMG_1932_JPG_jpg.rf.7c5ff0f0a61d17c6bb46da14d0081e35.jpg,0,0,0,0,0,0,0,1
nike_fake_jpg.rf.f5d403026e2c7eb4f4bb2541ac01c9d7.jpg,0,0,0,0,1,0,0,0
channels4_profile_jpg.rf.1474b48869f431475e42a843193552c8.jpg,0,1,0,0,0,0,0,0
puma-tr-core-bottle-750ml_jpg.rf.39667852e6c5fefc3fcdb58e7a6e8d60.jpg,0,0,0,0,0,0,0,1
fila-fake18_png_jpg.rf.d9ac9670cd841c6687d3e29a637dcae2.jpg,0,0,1,0,0,0,0,0
fila-fake13_jpg.rf.2cd99325f2a6903d6a668d8a172fdc17.jpg,0,0,1,0,0,0,0,0
12010878_1_jpg.rf.cb2bc065095b8bf0865647381bbceb52.jpg,0,0,0,1,0,0,0,0
eda941e488522e50cc9ebc49df3037b3_jpg.rf.b81654bfef8e683e428a87b22105db4e.jpg,0,0,0,0,1,0,0,0
IMG_1991_JPG.rf.f7eef8eb5f194c7e0441dd2b7f40956d.jpg,0,0,0,0,0,0,1,0
IMG-1861_jpg.rf.5991578329e2374c2a1aa79e68a0e8bc.jpg,0,1,0,0,0,0,0,0
IMG_7552_jpg.rf.59c6a7c521892202533877e27686e557.jpg,0,0,0,0,0,1,0,0
China-imitation-Nike_jpg.rf.1f3cbf3c195aca8cef88e1779f1a1e3c.jpg,0,0,0,0,1,0,0,0
IMG_1928_JPG_jpg.rf.4f7a1b65e6aaa5200f63153f8640c462.jpg,0,0,0,0,0,0,0,1
Stranger-Things-3-Pumbaa-Lion-King-Puma-parody-LongSleeve_jpeg_jpg.rf.b7f4dbdfe63eb568f847e49176c543e0.jpg,0,0,0,0,0,0,1,0
nike16_jpg.rf.a7c694cbfce03d7d8e8740e33fe64ae1.jpg,0,0,0,0,0,1,0,0
12011838_1_jpg.rf.20cdfcfc206cabbd340cf32c5e10dd79.jpg,0,0,0,1,0,0,0,0
Xt_c0sh9_400x400_jpg.rf.c293c39819f4b6f2d55816bb9a91f3dd.jpg,1,0,0,0,0,0,0,0
nike-sb-dunk-low-grateful-dead-green-bear-cj5378-300-510x600_jpg.rf.2ad0b4729cddfa88e9d0794d8ebba712.jpg,0,0,0,0,1,0,0,0
1809518c-1915-4e5f-9246-e06e1d9bdc04_1-ca294e6145a87caa6d4fd936b9cd012b_jpg.rf.080846bee8c001181a25ffc92cbb7d6f.jpg,0,0,0,0,0,1,0,0
just-puck-it-hockey-nike-shirt-Unisex_jpg.rf.9e4aa45e783838e160ef71b2fa78700e.jpg,0,0,0,0,1,0,0,0
IMG-1854_jpg.rf.5d11c8edc8c37a1e50d940e446cd94f8.jpg,0,1,0,0,0,0,0,0
417337-125-ss-01_jpg.rf.213115382b3af3fd15468353770805a0.jpg,0,0,0,1,0,0,0,0
fila-fake14_jpg.rf.9588b4db7bc589b14592ddffdc91123d.jpg,0,0,1,0,0,0,0,0
fake_adidas_shirt_1431267763_ee9148bc_jpg.rf.21e89ec80c4e31771d0b6dba2b1273b1.jpg,0,1,0,0,0,0,0,0
opk_jpg.rf.92d116528451248100c646591791f05e.jpg,0,1,0,0,0,0,0,0
IMG-1873_JPG_jpg.rf.d952f7ddad23a55881783f3e326c7208.jpg,0,1,0,0,0,0,0,0
Adidas-Logo-1991_jpg.rf.5fd5175c2f6466dc2b15ef48f9f08219.jpg,0,1,0,0,0,0,0,0
puma_logo_by_iamjihad_d2vk2jj-fullview_jpg.rf.808321e64f80d78437a303e64f25b5ed.jpg,0,0,0,0,0,0,1,0
91JJVhbmf5S-_UY879__jpg.rf.0ec0049f255485329e2f52d207aabb0b.jpg,0,0,0,0,0,1,0,0
images_jpeg_jpg.rf.01069c9df4c9295d28a64b099ab67b0a.jpg,1,0,0,0,0,0,0,0
2b3fa760d48437c4e7281d1b7a2b7f5a_jpeg_jpg.rf.daac30f707b36273a193a592ab276f7d.jpg,0,0,0,0,0,0,1,0
b20ab4fe4df2f9fdddca39d8cab0653e_jpg.rf.03e51843605bd4152e8a757aef4fd57c.jpg,1,0,0,0,0,0,0,0
c5ab23f9e71f88a7e743399c8ec43e6b_jpg.rf.f7ab532304bb4a77e95da52b11209d0c.jpg,1,0,0,0,0,0,0,0
97f7495135ad8bc0b7b37f417e2f99a7_jpg.rf.f5ddf6357982552f2346b35e7c093643.jpg,0,0,0,0,0,1,0,0
st-small-507x507-pad-600x600-f8f8f8_jpg.rf.973fee8a704d00d642d322a6ca10d272.jpg,1,0,0,0,0,0,0,0
slwd2_512_jpg.rf.9f3f2da5cb5ff6114bcb3379c1d54404.jpg,1,0,0,0,0,0,0,0
main-qimg-f7940fb77ba49276acc7ea235c90d337_jpg.rf.757789ebfbea8666fcd399441e6125ed.jpg,1,0,0,0,0,0,0,0
IMG-1866_jpg.rf.d9e226956844885c5515f8678c47a90b.jpg,0,1,0,0,0,0,0,0
165811034-165811034-AW232262023_01-2100_jpg.rf.a8d485b26a49601963ef939d7ae2462e.jpg,0,0,0,0,0,0,0,1
52200_1267783470_adidas_jpg.rf.0a6ffaa8fd0362fa7e794b1c3a697353.jpg,1,1,0,0,0,0,0,0
ssrco-classic_tee-mens-101010-01c5ca27c6-front_alt-square_product-600x600_jpg.rf.e0e5782767b11d70c6eea13263592bb5.jpg,1,0,0,0,0,0,0,0
bd8ec4d7-0bac-4ceb-b1d9-071c6facdec5_jpg.rf.67e054753eaeee5f074a616190a81f4d.jpg,0,0,0,0,0,1,0,0
fila-fake22_jpg.rf.808b6326137bfbd429b8b3fccc67b4bb.jpg,0,0,1,0,0,0,0,0
IMG-1870_jpg.rf.5d3806e9f1be771d71d75ccb72b442ce.jpg,0,1,0,0,0,0,0,0
Adidas-Logo-Vector-scaled_jpg.rf.aba4d84d37fb9760539ffd77bda8f119.jpg,0,1,0,0,0,0,0,0
nike16_jpg.rf.63d5ea2db33a645fb7a1d9bbc4c99c1d.jpg,0,0,0,0,0,1,0,0
academy-team-football-duffel-bag-n48bFz_jpeg_jpg.rf.4b08373c6ab1894b0209ab3fec689297.jpg,0,0,0,0,0,1,0,0
13841908532d58254e6b002ab7d85d83_jpg.rf.6d5356cb4b908ba58aa72679c4e2212a.jpg,0,0,0,0,0,0,1,1
imageshhh_png_jpg.rf.f0a702f31474b9892d24148a8ccda10b.jpg,0,0,0,0,1,1,0,0
IMG_1939_JPG_jpg.rf.66a8c47152aa365c57d2c20d9aee3f96.jpg,0,0,0,0,0,0,0,1
m_63eb49a4f8c5da845e59b9ee_jpeg_jpg.rf.6ca9a1f8294ae38ae88864c8dfa51671.jpg,0,0,0,0,0,0,1,0
far9m_512_jpg.rf.edc3da8f14b3ba69025960e7d943aa5e.jpg,1,0,0,0,0,0,0,0
0ve12olytmw11_jpg.rf.ff25c62829d0472dc635058d25e0b900.jpg,0,0,0,0,0,0,1,0
jkkikp_jpeg_jpg.rf.124bbf7814612a34eadff7bd7e988354.jpg,1,0,0,0,0,0,0,0
bdfcea8689484eef36bf9c4548b436d4_jpg.rf.37059531b96fd8f30c48515ea92537cf.jpg,0,0,0,0,0,1,0,0
11-11008872-11-fila-wht-pea-chn-rd-original-imag76t9tvrkj6v3_jpg.rf.5306ebd805ed46458153ffccd5db0d9f.jpg,0,0,0,1,0,0,0,0
IMG_1991_JPG.rf.77554c8879def3ae137b95f23a72f83b.jpg,0,0,0,0,0,0,1,0
IMG-1856_jpg.rf.1fb9e5dcaefdfe1338f9ab3b3a1236c0.jpg,0,1,0,0,0,0,0,0
nike8_jpg.rf.46ecd0242291ba1b4d228388d9d3519d.jpg,0,0,0,0,0,1,0,0
Stranger-Things-3-Pumbaa-Lion-King-Puma-parody-LongSleeve_jpeg_jpg.rf.111ca534f66fa57e5f70a71ab89c3098.jpg,0,0,0,0,0,0,1,0
China-imitation-Nike_jpg.rf.81e6c2242c7835613467e1632a4ecf90.jpg,0,0,0,0,1,0,0,0
ac1a16e8-04a5-430f-97fc-14b8fe50c802_jpg.rf.840d854dd7bde7a8e8e4d9c39ef0b754.jpg,0,0,0,0,0,1,0,0
4069-adidas-originals-trefoil-tee-j-trefoil-tee-w69948_2_jpg.rf.fe51b8ba4f13abab08f618d6fe9a136a.jpg,0,1,0,0,0,0,0,0
IMG_7552_jpg.rf.54744e4f4dbd54fa48fdea222e499106.jpg,0,0,0,0,0,1,0,0
IMG-1868_jpg.rf.298b96b7b7d3238cb838f2b4fd152a56.jpg,0,1,0,0,0,0,0,0
nikemercurialveloceiiidffgunvstyred__99389_jpg.rf.8efef810c8830ea2caa324df99f7f4ec.jpg,0,0,0,0,0,1,0,0
IMG-1854_jpg.rf.47d76435610f3b8e47319009d408aff8.jpg,0,1,0,0,0,0,0,0
1809518c-1915-4e5f-9246-e06e1d9bdc04_1-ca294e6145a87caa6d4fd936b9cd012b_jpg.rf.fa644a7274154e382c1b8a37da159a17.jpg,0,0,0,0,0,1,0,0
054369_01_jpg.rf.a7c23ca9e23c5a43f6992777ad268bc4.jpg,0,0,0,0,0,0,0,1
academy-team-football-duffel-bag-n48bFz_jpeg_jpg.rf.7327be7c0d29778fcd1423cf7c0cd321.jpg,0,0,0,0,0,1,0,0
52200_1267783470_adidas_jpg.rf.e557059629e01adecda33001922276b9.jpg,1,1,0,0,0,0,0,0
fila-fake22_jpg.rf.0645fa9d850e37aefadb0f8a767ad3a5.jpg,0,0,1,0,0,0,0,0
main-qimg-f7940fb77ba49276acc7ea235c90d337_jpg.rf.d7cbb6f388be00fe46239a07c11386fb.jpg,1,0,0,0,0,0,0,0
bd8ec4d7-0bac-4ceb-b1d9-071c6facdec5_jpg.rf.92e0109f7d1b9f4cc964b32a622f5c9d.jpg,0,0,0,0,0,1,0,0
opk_jpg.rf.108c759a8b0bdd2b477d8eda7dc59add.jpg,0,1,0,0,0,0,0,0
far9m_512_jpg.rf.0316f7b5a6b0f7a21855ce2f35276ec8.jpg,1,0,0,0,0,0,0,0
054369_01_jpg.rf.8093b21fa6a9e576f4588882f724ad80.jpg,0,0,0,0,0,0,0,1
IMG-1868_jpg.rf.5ccaed9f709252e444e1ee2723f7cddc.jpg,0,1,0,0,0,0,0,0
Adidas-Logo-Vector-scaled_jpg.rf.1adbaa5b1adfad991b282f7f41034b2a.jpg,0,1,0,0,0,0,0,0
images_jpeg_jpg.rf.5454dfdfb93d4797d9e0b7c87d26929b.jpg,1,0,0,0,0,0,0,0
nike8_jpg.rf.1ce8e33b43471ffe364ecd73c094d584.jpg,0,0,0,0,0,1,0,0
bdfcea8689484eef36bf9c4548b436d4_jpg.rf.e5a6ae1c6d4bf03514f1660f054bb908.jpg,0,0,0,0,0,1,0,0
IMG-1856_jpg.rf.dea1293be8ac7709dd4900b0f1711b5f.jpg,0,1,0,0,0,0,0,0
jkkikp_jpeg_jpg.rf.67ab8aed97f75d93e9b0147468fad7ae.jpg,1,0,0,0,0,0,0,0
m_63eb49a4f8c5da845e59b9ee_jpeg_jpg.rf.b7515d08ef53889356f2f832b730f1ab.jpg,0,0,0,0,0,0,1,0
c5ab23f9e71f88a7e743399c8ec43e6b_jpg.rf.f9c66c1a906c75bb1a9b019bf0cf2141.jpg,1,0,0,0,0,0,0,0
0ve12olytmw11_jpg.rf.34c899990de64716ab25d85e8fc32b4f.jpg,0,0,0,0,0,0,1,0
IMG_1939_JPG_jpg.rf.ac42abc11f787e42f61b37d82a2c0d38.jpg,0,0,0,0,0,0,0,1
13841908532d58254e6b002ab7d85d83_jpg.rf.f771ede2312b0d6fb039835e868089b8.jpg,0,0,0,0,0,0,1,1
fila-fake6_jpg.rf.0e562721e9811e5fc700e0f4c6a4fde0.jpg,0,0,1,0,0,0,0,0
4069-adidas-originals-trefoil-tee-j-trefoil-tee-w69948_2_jpg.rf.8492163ce9fbb00a67c90f12fc74341c.jpg,0,1,0,0,0,0,0,0
ac1a16e8-04a5-430f-97fc-14b8fe50c802_jpg.rf.36f2264563f2b87f991ca69eec9bb80b.jpg,0,0,0,0,0,1,0,0
Adidas-Logo-Vector-scaled_jpg.rf.ef9753f1411133a34c94e1c21c9fcd56.jpg,0,1,0,0,0,0,0,0
il_fullxfull-5280559497_74ik_jpg.rf.999085e2f4f867d80f2ab0fb87a637d2.jpg,0,0,0,0,0,0,0,1
IMG-1870_jpg.rf.d6579cae434a6d853616b4ce809914b6.jpg,0,1,0,0,0,0,0,0
bd8ec4d7-0bac-4ceb-b1d9-071c6facdec5_jpg.rf.6e418c8eb222189c1ef8184f2a67400f.jpg,0,0,0,0,0,1,0,0
nike8_jpg.rf.1351300e5f1d2461066d16d3edf1bd52.jpg,0,0,0,0,0,1,0,0
0ve12olytmw11_jpg.rf.210e318235713eb6a8cdfc7d3811dcb0.jpg,0,0,0,0,0,0,1,0
b1977bef-4ebe-497f-8011-1e6ebedd80ff_jpg.rf.4b80757a2659d1a1e83afdd862aae12d.jpg,0,0,0,0,0,1,0,0
m_63eb49a4f8c5da845e59b9ee_jpeg_jpg.rf.bbb7d41278a8525858ab907a48feebe8.jpg,0,0,0,0,0,0,1,0
IMG-1866_jpg.rf.8468b6951e84987079ee3884e024cd47.jpg,0,1,0,0,0,0,0,0
far9m_512_jpg.rf.b85f2452f90836940eecc7b462724e29.jpg,1,0,0,0,0,0,0,0
IMG_1939_JPG_jpg.rf.26b55e0cf99a05b955324175bb766d33.jpg,0,0,0,0,0,0,0,1
054369_01_jpg.rf.8b898cf598a61b1221151a693718f2fc.jpg,0,0,0,0,0,0,0,1
IMG-1856_jpg.rf.1b405935be657a998ed0d3b33eb1098f.jpg,0,1,0,0,0,0,0,0
imageshhh_png_jpg.rf.cbfa78fcaa4f802beadc4cca0c4b1463.jpg,0,0,0,0,1,1,0,0
13841908532d58254e6b002ab7d85d83_jpg.rf.fa23adb43d02e27d57f181c89188bf72.jpg,0,0,0,0,0,0,1,1
nike19_jpg.rf.79d8924bd4f2e47393dd6573bba6628a.jpg,0,0,0,0,0,1,0,0
b20ab4fe4df2f9fdddca39d8cab0653e_jpg.rf.c11d96f6c3e3034749e27862bfb451d6.jpg,1,0,0,0,0,0,0,0
il_fullxfull-5280559497_74ik_jpg.rf.78d0c16a39f75ba7b53adce6dca70219.jpg,0,0,0,0,0,0,0,1
nike18_jpg.rf.2f161077085eba0e6503dfde0835bf82.jpg,0,0,0,0,0,1,0,0
imageshhh_png_jpg.rf.8dbf02e1d497698d62cef486cf3edb3f.jpg,0,0,0,0,1,1,0,0
nike19_jpg.rf.362392c633ca23461d31ff0b04943351.jpg,0,0,0,0,0,1,0,0
4069-adidas-originals-trefoil-tee-j-trefoil-tee-w69948_2_jpg.rf.078e91250a92500ccbcb03d06493a830.jpg,0,1,0,0,0,0,0,0
fila-fake6_jpg.rf.bb95c4ee839b166fdfb5514e05abdfa3.jpg,0,0,1,0,0,0,0,0
IMG_1989_JPG.rf.6f629171ddd409bd2cd36aaac054aca2.jpg,0,0,0,0,0,0,1,0
9ef9d892b4ce6ea46186e7ad681d89ba_jpeg_jpg.rf.11ac7758e2f470077bdec0cfc76eb7d1.jpg,0,0,0,0,1,0,0,0
IMG_1997_PNG.rf.2ed8fd25d35976659cebb7b2e51af7ab.jpg,0,0,0,0,0,0,1,0
nike-sb-nike-satire-canvas-black-lt-crimson-drk-base-grey_jpg.rf.fbe710605342c31b7dab6b588b1d7b3f.jpg,0,0,0,0,0,1,0,0
IMG_1989_JPG.rf.37b962213ff781e90b7b387a8dcbbdc9.jpg,0,0,0,0,0,0,1,0
ac1a16e8-04a5-430f-97fc-14b8fe50c802_jpg.rf.d87f9d416efbf72c3ff22a720e46b02d.jpg,0,0,0,0,0,1,0,0
IMG_2001_JPG.rf.a543d7beb275444008fa548b92018058.jpg,0,0,0,0,0,0,1,0
b1977bef-4ebe-497f-8011-1e6ebedd80ff_jpg.rf.669dad6ca61fbab61953bf8654b0830d.jpg,0,0,0,0,0,1,0,0
fila-fake14_jpg.rf.5911c4eb79ce7deb6d8ca332a4ddfbb5.jpg,0,0,1,0,0,0,0,0
okkk_jpeg_jpg.rf.26663aad281cd96f1fddd10be2066dbc.jpg,0,0,0,0,0,0,1,0
IMG_1997_PNG.rf.7bce84b593ffcbd80b74bec4b804457e.jpg,0,0,0,0,0,0,1,0
9ef9d892b4ce6ea46186e7ad681d89ba_jpeg_jpg.rf.fc0786dc4153b3a585f851b2857c9d68.jpg,0,0,0,0,1,0,0,0
30_png_jpg.rf.0c38790fce39bd7bd4e731283a661c7b.jpg,0,0,0,0,0,1,0,0
IMG_1940_JPG_jpg.rf.cd0d30a74f61eadd0ca69b1ef488e77a.jpg,0,0,0,0,0,0,0,1
nike-sb-nike-satire-canvas-black-lt-crimson-drk-base-grey_jpg.rf.4879d9315c2a622636f812cf90d5fe57.jpg,0,0,0,0,0,1,0,0
okkk_jpeg_jpg.rf.24617f681a96d02e4e9b9f3d5c5943e0.jpg,0,0,0,0,0,0,1,0
IMG_2001_JPG.rf.7292263d2b810512e394922f386472ea.jpg,0,0,0,0,0,0,1,0
30_png_jpg.rf.1e1216dd5c6e3b598479327673f9e3c3.jpg,0,0,0,0,0,1,0,0
2026556f-e5e9-4793-aa08-943708fc6d18_jpg.rf.5981ab16b818727474db0ac6bf582014.jpg,0,0,0,0,0,1,0,0
2026556f-e5e9-4793-aa08-943708fc6d18_jpg.rf.35152133986410343b5ff6b4e58f4518.jpg,0,0,0,0,0,1,0,0
fila-fakr11_jpg.rf.2f63ca32a69859355934901a076c8134.jpg,0,0,1,0,0,0,0,0
nike18_jpg.rf.d97316ceddbaf9d798d804cfb0f9df56.jpg,0,0,0,0,0,1,0,0
a09204ac40f41435614e79775cfc4688_jpg.rf.89c64757ec5d9b5cd22ca9435200cd3b.jpg,0,0,0,0,0,0,1,0
11009881_2_jpg.rf.23de81c268754bd18a46a3a8fa73b372.jpg,0,0,0,1,0,0,0,0
jkkikp_jpeg_jpg.rf.a2efb7b81e00704b51fe0d9898171670.jpg,1,0,0,0,0,0,0,0
IMG_1955_JPG_jpg.rf.a2941b59cb89ad00e86e15083c98a972.jpg,0,0,0,0,0,0,0,1
IMG_1940_JPG_jpg.rf.4678df61df0cbe683d0cf2976e6461b2.jpg,0,0,0,0,0,0,0,1
nike30_jpg.rf.2e1d957ab19af3d8f0f1c42bd4a3f554.jpg,0,0,0,0,0,1,0,0
nike25_jpg.rf.973dd03e2b6e578940b3cdcaeb367b0e.jpg,0,0,0,0,0,1,0,0
880555-400_C_jpg.rf.63aed9ab4d30c9d288cafe5cd34eb3ad.jpg,0,0,0,0,0,1,0,0
nike-mens-air-sport-t-shirt-black-p19492-81235_image_jpg.rf.c78974a37dfe8c6c10be63c6f7877c0c.jpg,0,0,0,0,0,1,0,0
Puma-M-ESS2-Col-Logo-Tee-Grey-2-PU1L0228600_jpg.rf.146e0cde7b7bb55b3e52929728c4a7b2.jpg,0,0,0,0,0,0,0,1
real-nike-1_jpg.rf.3293808620dddd0f5a0f89bf64d68578.jpg,0,0,0,0,0,1,0,0
8bc8be698d73566fac6dd992fd9864b4_jpg.rf.dc6f867b5834183f531a862bf3c3c0b3.jpg,0,0,0,0,0,0,0,1
IMG-1874_JPG_jpg.rf.b392d0583bb9805385d83a8fada9641f.jpg,0,1,0,0,0,0,0,0
IMG_1951_JPG_jpg.rf.b0f740b51cc2d81595c76eff77760568.jpg,0,0,0,0,0,0,0,1
7ucpwa_jpg.rf.a5b23825b5f0f5c7a08b6b3166cf4eac.jpg,0,0,0,0,1,0,0,0
-original-imagt59vrrx85dev_jpg.rf.bb581b36f97faae2f2b22a3bde300ad1.jpg,0,0,0,0,0,0,0,1
adidas-m-fr-lg-t-376665-gt3114_jpeg_jpg.rf.bb7f6e411d28cfbf9afb5c7440a4b69b.jpg,0,1,0,0,0,0,0,0
The-Trefoil-adidas-logo-1_jpg.rf.35c8154e3240944310a5875f35ce2fd2.jpg,0,1,0,0,0,0,0,0
maxresdefault_jpg.rf.35da0b8de9d654174a7bda629919b0d6.jpg,0,0,0,0,1,0,0,0
12012207_2_jpg.rf.ab146f27bfe6b091d0aee2ce3c535a24.jpg,0,0,0,1,0,0,0,0
main-qimg-00b1b9efe5f8546bdb1d6207974da28f-lq_jpeg_jpg.rf.b8b951b2ae15620ccfe8912431ba3516.jpg,1,1,0,0,0,0,0,0
IMG_1950_JPG_jpg.rf.98b7d913e038e725615950b31e2ea7ef.jpg,0,0,0,0,0,0,0,1
IMG_1995_JPG.rf.00a2c6d469c7d3c00e9449f82375cd06.jpg,0,0,0,0,0,0,1,0
12012272_2_jpg.rf.2c31f6ef2fff14ca60649d2650590469.jpg,0,0,0,1,0,0,0,0
hhhh_png_jpg.rf.f4910d1e55bf9f066912279d8e7dab65.jpg,0,0,0,0,1,0,0,0
3117e38a2084d9f4af3f8a3a40c333d5_jpg.rf.31f95584c1efbe2573e424aa4bbd60b4.jpg,1,0,0,0,0,0,0,0
IMG_1954_JPG_jpg.rf.4e6d8c201583125ecd491b37f2cddac5.jpg,0,0,0,0,0,0,0,1
ACW11103_600_M_2_1600x2000_jpg.rf.6f1869745febc12658c7033438002e6c.jpg,0,0,0,1,0,0,0,0
11010061_4_jpg.rf.1f6384c9daa783a9f6ed6b8b6c929a05.jpg,0,0,0,1,0,0,0,0
fila-fake5_jpg.rf.0d686f720926e5579f78363fed34a75b.jpg,0,0,1,0,0,0,0,0
ACW11103_600_M_2_1600x2000_jpg.rf.08211237d93b1a5d89859ccf5f924a2d.jpg,0,0,0,1,0,0,0,0
4bq76d_jpg.rf.ecf088ef051574e4b947cee8bc4d992b.jpg,1,0,0,0,0,0,0,0
nike17_jpg.rf.944e9955690b3ae846d3aa37af5cf7e2.jpg,0,0,0,0,0,1,0,0
IMG_1942_JPG_jpg.rf.ea2417337751d81c283f927cb9d9849b.jpg,0,0,0,0,0,0,0,1
IMG-1860_jpg.rf.76becfd2dae9c6d75f396f3e1a8c4f2f.jpg,0,1,0,0,0,0,0,0
t-shirt-hoodie-puma-clothing-png-favpng-dqcPMKZWaQrvujTBFFKUbL3LE_jpg.rf.930ad2494bc1fd0aac8ec5819d0050c6.jpg,0,0,0,0,0,0,0,1
nike25_jpg.rf.dc67e48b0f283efd655536f6d5b9b701.jpg,0,0,0,0,0,1,0,0
nike-logo-green-just-cut-shirt_jpg.rf.49f2ec17432657597d1716cf2b5e9161.jpg,0,0,0,0,1,0,0,0
logo_jpg.rf.d484774db575ae6e07a9eb15b10cc7ef.jpg,0,0,0,0,1,1,0,0
IMG_1944_JPG_jpg.rf.089eb7df029e4993e27ef0a3dfce93f5.jpg,0,0,0,0,0,0,0,1
IMG_1938_JPG_jpg.rf.1a4e5f1566e21ccda1ccc187fa33c4d0.jpg,0,0,0,0,0,0,0,1
fila-fake1_jpg.rf.ccfbbfed3de5757158241c6483450c9c.jpg,0,0,1,0,0,0,0,0
IMG_1944_JPG_jpg.rf.b98b840bc03c08a53cd802e2cf28f336.jpg,0,0,0,0,0,0,0,1
nike32_jpg.rf.90dec28993cb8b44da8a6610cac07266.jpg,0,0,0,0,0,1,0,0
12011822_1_jpg.rf.3e607978ec47f804993d1d9706b2d696.jpg,0,0,0,1,0,0,0,0
12011839_1_jpg.rf.8bc1474943526fabc7c0c4239da14c65.jpg,0,0,0,1,0,0,0,0
Untitledhyhj_png_jpg.rf.f16a79d9d07371c4e34eeeaf18a1e2e8.jpg,0,0,0,0,1,0,0,0
b4ba9ff59e08ed37ece6d3a7fc495013_jpg.rf.ab26497901dbd4b3203f7d99cd3036d9.jpg,0,0,0,0,0,0,1,0
m-53008994-puma-original-imaghfuyus6x4hvm_jpg.rf.07e1e70654fa9171d739f06073c27f53.jpg,0,0,0,0,0,0,0,1
fila-fake9_jpg.rf.4e10de023bbed39c941bbd94630c801e.jpg,0,0,1,0,0,0,0,0
596628_png_jpg.rf.dd2613665d1997833f00bb6aa06f8d80.jpg,0,0,0,0,1,0,0,0
b4ba9ff59e08ed37ece6d3a7fc495013_jpg.rf.03be390bcad0f08f0c027cc9d748c1bf.jpg,0,0,0,0,0,0,1,0
IMG_1938_JPG_jpg.rf.3d98d0bc47120a443bbf47567e3dd062.jpg,0,0,0,0,0,0,0,1
fila-fake21_jpg.rf.51b1c427d135b8955e8c0f54e33aa393.jpg,0,0,1,0,0,0,0,0
12011837_1_jpg.rf.68116e67c9e6533db032b474c5a2877c.jpg,0,0,0,1,0,0,0,0
nike30_jpg.rf.ecda521a20e3db2472548afb0a4de362.jpg,0,0,0,0,0,1,0,0
xhx0pyb2xap21_jpg.rf.09edb78530c34d9f213e7588f561d7fd.jpg,0,0,0,0,1,0,0,0
sportswear-mens-metallic-t-shirt-HqVQn0_jpeg.rf.9fe227b0e808832979f585e0a4672b77.jpg,0,0,0,0,0,1,0,0
fila-fake17_jpg.rf.6fb65d64c871735ffbbe1b3d4a0defb3.jpg,0,0,1,0,0,0,0,0
nike-mens-air-sport-t-shirt-black-p19492-81235_image_jpg.rf.534e1cda5f8fda930818032ceedf4097.jpg,0,0,0,0,0,1,0,0
4bq76d_jpg.rf.dab44ef76f32fbdb278b8bc04abe1471.jpg,1,0,0,0,0,0,0,0
real-nike3_jpg.rf.a2c5294bbb4397ab4ce71552556153f0.jpg,0,0,0,0,0,1,0,0
logo_jpg.rf.77b951bb42cdc3b019c86eb5328b3bd8.jpg,0,0,0,0,1,1,0,0
main-qimg-e16c8905e31d61bf88b6b2d9ebb03ba9_jpg.rf.464f45c1851d363852d0bc69615ad1f1.jpg,1,0,0,0,0,0,0,0
12011837_1_jpg.rf.2ec4a6626c94e238d75a5577eafb7af4.jpg,0,0,0,1,0,0,0,0
596628_png_jpg.rf.f4dd0c8e73e6b834cb2350f67c8e16f3.jpg,0,0,0,0,1,0,0,0
fila-fake12_jpg.rf.8b9afe1acfd749004c8a69dc47bcad8a.jpg,0,0,1,0,0,0,0,0
fila-fake-19_jpg.rf.fa6bdd72ca3cb389d741fb187c5cd030.jpg,0,0,1,0,0,0,0,0
7ucpwa_jpg.rf.005df8c229e6be88debc25ece4cba77e.jpg,0,0,0,0,1,0,0,0
real-nike3_jpg.rf.014a10fa7a359967c8025eaf03e9a976.jpg,0,0,0,0,0,1,0,0
11009881_2_jpg.rf.9f6898389bfae6ab16243f64c72790ed.jpg,0,0,0,1,0,0,0,0
wp7484399_jpg.rf.a329955e8774fbf78b28581554d823bf.jpg,0,0,0,0,0,1,0,0
IMG-1869_jpg.rf.177a5b7d04fce1c04e65bc1d637c03c0.jpg,0,1,0,0,0,0,0,0
IMG_1942_JPG_jpg.rf.30fd30f2ecc915b16bc6db26f527473b.jpg,0,0,0,0,0,0,0,1
12011412_1_jpg.rf.5afc2e9782e5828e5b7cd9ec10aea48c.jpg,0,0,0,1,0,0,0,0
12012207_2_jpg.rf.7d729d993548988daf714b251f0687f9.jpg,0,0,0,1,0,0,0,0
nike15_jpg.rf.05a10d2bbf39b5acf138213966e389eb.jpg,0,0,0,0,1,0,0,0
8bc8be698d73566fac6dd992fd9864b4_jpg.rf.d38f135cae573c5e98c030ffacfa266d.jpg,0,0,0,0,0,0,0,1
fila-fake17_jpg.rf.e2c60453529904aa974eccce521fa21f.jpg,0,0,1,0,0,0,0,0
12011839_1_jpg.rf.b28289013a4641942d8e31c883d1b572.jpg,0,0,0,1,0,0,0,0
717Hv10JLZL-_UX569__jpg.rf.a9b438493206826b50d295f7d537e2c1.jpg,0,0,0,0,0,1,0,0
iiafwdmiwriz_png_jpg.rf.486da94b90b27f0da169ed3837a823bb.jpg,0,0,0,0,0,0,1,0
adidas-new-20225326_jpg.rf.cf8ec5205fe7f32a9acbd2636cde34c6.jpg,0,1,0,0,0,0,0,0
fila-fakr11_jpg.rf.2d9606c7a56eba65d30605c95f0441ee.jpg,0,0,1,0,0,0,0,0
nike29_jpg.rf.b571e90f0047239c01d15c34f25c1eb0.jpg,0,0,0,0,0,1,0,0
m-53008994-puma-original-imaghfuyus6x4hvm_jpg.rf.8302bbf9aa05344e17bde15500006e4f.jpg,0,0,0,0,0,0,0,1
12011839_1_jpg.rf.b5a859a0aac39cc4131b5087611fe11e.jpg,0,0,0,1,0,0,0,0
11009800_1_jpg.rf.fcc98723aeccccc2ad265960b7ed9101.jpg,0,0,0,1,0,0,0,0
iiafwdmiwriz_png_jpg.rf.f3ade9317d07ff3a06e83f26c6d26747.jpg,0,0,0,0,0,0,1,0
12011418_1_jpg.rf.e0e4e5092b44cff70767ffd66a2d2d2d.jpg,0,0,0,1,0,0,0,0
sportswear-mens-metallic-t-shirt-HqVQn0_jpeg.rf.6b0a83e7d1c2c69e5f7ea32cef8b5e5c.jpg,0,0,0,0,0,1,0,0
maxresdefault_jpg.rf.0585f7f76cec071093f188be1f2a155d.jpg,0,0,0,0,1,0,0,0
a09204ac40f41435614e79775cfc4688_jpg.rf.ba91b5a777abad4540318fa9f5370135.jpg,0,0,0,0,0,0,1,0
11009800_1_jpg.rf.0658f9c2bd7d1882ef8a3803f0f6c62f.jpg,0,0,0,1,0,0,0,0
fila-fake-19_jpg.rf.1827ddeb6b19632211d8218b816bb394.jpg,0,0,1,0,0,0,0,0
fila-fake12_jpg.rf.32dbd4517a6f780d9668da17add03496.jpg,0,0,1,0,0,0,0,0
IMG_2007_PNG.rf.40daf5646efe915f61dbaeca7365bc70.jpg,0,0,0,0,0,0,1,0
nike29_jpg.rf.2784eb0039d9920d0b26e5a59c60444d.jpg,0,0,0,0,0,1,0,0
real-nike3_jpg.rf.f93ce48ecb224f34f1ee92e3da605ddf.jpg,0,0,0,0,0,1,0,0
just-hit-nike-hoodie_jpg.rf.a2e8f4f49a5d75b7ca2811cc86814aa0.jpg,0,0,0,0,1,0,0,0
nike-logo-green-just-cut-shirt_jpg.rf.bec91f42ea6d0f54b54be08e588cbd40.jpg,0,0,0,0,1,0,0,0
Puma-M-ESS2-Col-Logo-Tee-Grey-2-PU1L0228600_jpg.rf.fcc7e53839ba94546bd3d86275b63543.jpg,0,0,0,0,0,0,0,1
fila-fake21_jpg.rf.4bb20174f3aba609d63546205233d921.jpg,0,0,1,0,0,0,0,0
images_jpeg_jpg.rf.fd98ab067f4eaef3c7ec0acbe832619a.jpg,0,0,0,0,0,0,1,0
xhx0pyb2xap21_jpg.rf.3db98a487990d52794eb4a5809f01cd5.jpg,0,0,0,0,1,0,0,0
The-Trefoil-adidas-logo-1_jpg.rf.a8feb18e1a52d7f0f17caedfd482caf8.jpg,0,1,0,0,0,0,0,0
Untitledhyhj_png_jpg.rf.e9225e04cc797313e76afcce81c53c2c.jpg,0,0,0,0,1,0,0,0
main-qimg-00b1b9efe5f8546bdb1d6207974da28f-lq_jpeg_jpg.rf.d794152b76e959d1b8b86246214842d2.jpg,1,1,0,0,0,0,0,0
adidas-new-20225326_jpg.rf.f38889bd9f2fce9d38b891e66a0b06a1.jpg,0,1,0,0,0,0,0,0
maxresdefault_jpg.rf.39ab2c36e12fa22ac1dd9c4e2313c4a2.jpg,0,0,0,0,1,0,0,0
IMG_1941_JPG_jpg.rf.d58d56cfc34849e1898a059ea10a9709.jpg,0,0,0,0,0,0,0,1
IMG_1943_JPG_jpg.rf.2c20eae492c3886864a6128c502e4fed.jpg,0,0,0,0,0,0,0,1
IMG_1990_PNG.rf.48b73b51465b7fcbff78cf09bd442c66.jpg,0,0,0,0,0,0,1,0
t-shirt-hoodie-puma-clothing-png-favpng-dqcPMKZWaQrvujTBFFKUbL3LE_jpg.rf.38c01c0c326134e81b467a232b27828a.jpg,0,0,0,0,0,0,0,1
main-qimg-e16c8905e31d61bf88b6b2d9ebb03ba9_jpg.rf.acfe3b9b56ddbf748ba04126d8003a72.jpg,1,0,0,0,0,0,0,0
12012272_2_jpg.rf.4b5abac9ee260059b07cada5f9197905.jpg,0,0,0,1,0,0,0,0
nike29_jpg.rf.f7c0366cd3a4db7a0b187f28868dc8d5.jpg,0,0,0,0,0,1,0,0
product-jpeg-500x500_jpg.rf.5688e1d684501a58300ea317564dd415.jpg,1,0,0,0,0,0,0,0
Untitledhyhj_png_jpg.rf.0b49d44a7e4e6a786030f8be1be8dbaf.jpg,0,0,0,0,1,0,0,0
t-shirt-hoodie-puma-clothing-png-favpng-dqcPMKZWaQrvujTBFFKUbL3LE_jpg.rf.51c575f4940189854751f2becb4aecbd.jpg,0,0,0,0,0,0,0,1
nike15_jpg.rf.acfb015b6d6db6be8c601edc81b0525b.jpg,0,0,0,0,1,0,0,0
Puma-M-ESS2-Col-Logo-Tee-Grey-2-PU1L0228600_jpg.rf.b1a7850542dde1b319691bcda1ddee26.jpg,0,0,0,0,0,0,0,1
IMG_1950_JPG_jpg.rf.4db80dd2ac4608f0d0c425b74421919d.jpg,0,0,0,0,0,0,0,1
nike-logo-green-just-cut-shirt_jpg.rf.e94eed9acbfc14c369a13b4a7cffd3ca.jpg,0,0,0,0,1,0,0,0
fila-fake1_jpg.rf.84b41ff6f3aa6fc9b6adde757121324c.jpg,0,0,1,0,0,0,0,0
fila-brand-logo-clothes-symbol-with-name-design-fashion-illustration-free-vector_jpg.rf.94881594ebf6b76eae3a4d6a079e0e6c.jpg,0,0,0,1,0,0,0,0
fila-fakr10_jpg.rf.3dd21dad652d5d2ae76c1bdfd0441278.jpg,0,0,1,0,0,0,0,0
IMG_1950_JPG_jpg.rf.fbf7dba4e08571c7593c3a953c941776.jpg,0,0,0,0,0,0,0,1
product-jpeg-500x500_jpg.rf.f76eeaa11593eb6c040707b38f6e27bc.jpg,1,0,0,0,0,0,0,0
6-61401_adidas-logo-png-for-kids-adidas_jpeg_jpg.rf.ce2603e3928a0dc3652c0e2c59727621.jpg,0,1,0,0,0,0,0,0
IMG_1957_JPG_jpg.rf.58a4ef0c139f4d76555b902d9180c037.jpg,0,0,0,0,0,0,0,1
IMG_1957_JPG_jpg.rf.e7aa2d517fe23a7ac96fd1cda02e2750.jpg,0,0,0,0,0,0,0,1
12011822_1_jpg.rf.cb10ed0314171ec00d5cb8d2eec250ee.jpg,0,0,0,1,0,0,0,0
fila-fake5_jpg.rf.bbc668c0a4f860c6bde693bc8f0750d4.jpg,0,0,1,0,0,0,0,0
25_jpg.rf.cf5c2c223a785b0f85e4058f09dcad51.jpg,0,0,0,0,0,1,0,0
12012272_2_jpg.rf.990fff694859ed503933f00e0c30976a.jpg,0,0,0,1,0,0,0,0
IMG_1941_JPG_jpg.rf.84ac27ce06a092bf47a40e00c19f3922.jpg,0,0,0,0,0,0,0,1
IMG_1934_JPG_jpg.rf.e035733dfd3ef370c1788ed9098c8a09.jpg,0,0,0,0,0,0,0,1
IMG_1997_PNG.rf.196364f7cde438b0f998f9ec57be018c.jpg,0,0,0,0,0,0,1,0
3117e38a2084d9f4af3f8a3a40c333d5_jpg.rf.f3ed05137a0e34b9d0161c5bd574e469.jpg,1,0,0,0,0,0,0,0
fila-fake-18_jpg.rf.8b8a60f62e3c37ba40e5bd8dcd55358c.jpg,0,0,1,0,0,0,0,0
men-abibas-slipper-500x500_jpg.rf.1d52231e13ceeb204190aaf350fabd7f.jpg,1,0,0,0,0,0,0,0
hjji_jpeg_jpg.rf.582e83a27e614ec8ca786d1797566ec4.jpg,0,0,0,0,1,0,0,0
nike18_jpg.rf.292ccea9e75d6d796b2e71b153d3c81d.jpg,0,0,0,0,0,1,0,0
Nike_logo_jpg.rf.cdfae88d3f59112e661150d0d59594bd.jpg,0,0,0,0,0,1,0,0
IMG_1955_JPG_jpg.rf.0a21028b41e1c1e88e64ac5d042021ed.jpg,0,0,0,0,0,0,0,1
fila-fake-20_jpg.rf.a4ffe14331aa55f29705fffee47e8491.jpg,0,0,1,0,0,0,0,0
11010061_4_jpg.rf.d9f2c4290e60674614dcbf30184cb37c.jpg,0,0,0,1,0,0,0,0
6bf8089c6bc147e6a695d636e8f40997_png_jpg.rf.45bee8d5dc01a06fe27fcfe840426c66.jpg,0,0,0,0,0,0,1,0
IMG_1996_PNG.rf.f2551e538aa3a03996d46af230e1ad26.jpg,0,0,0,0,0,0,1,0
fila-fakr10_jpg.rf.a48a64df10a0e552c9ebedba099eb29c.jpg,0,0,1,0,0,0,0,0
nike24_jpg.rf.101490bd10085d8beafc65f1d91e459f.jpg,0,0,0,0,0,1,0,0
IMG-1874_JPG_jpg.rf.0f8a9d52aaae6dc2cff20a507b5f8430.jpg,0,1,0,0,0,0,0,0
6bf8089c6bc147e6a695d636e8f40997_png_jpg.rf.c936d707ed4a927020efcdb3d27d0614.jpg,0,0,0,0,0,0,1,0
sportswear-mens-metallic-t-shirt-HqVQn0_jpeg.rf.f4768348b52575a71633b1acdda730b8.jpg,0,0,0,0,0,1,0,0
nike24_jpg.rf.86eb98acc7cf3d8d58098836bab3f78c.jpg,0,0,0,0,0,1,0,0
wp7484399_jpg.rf.83b4f4081b52fd0ec3c1a77b03ebed35.jpg,0,0,0,0,0,1,0,0
511lWlbTnML-_AC_UY1000__jpg.rf.cdf2bf673b1e09ef4a522fde426548e8.jpg,0,0,0,1,0,0,0,0
fila-fake2_jpg.rf.9e731824c73bd44c55fb680e794df3c7.jpg,0,0,1,0,0,0,0,0
evrim-kabadayi-adidas-fake_jpg.rf.1aea98944d4a0e4d3c8ab5e8fddf798f.jpg,1,0,0,0,0,0,0,0
hjji_jpeg_jpg.rf.837f2cedc33454e702445b118092f98c.jpg,0,0,0,0,1,0,0,0
desktop-wallpaper-fila-logo-page-4_jpg.rf.e8070bdd72f7c7f7ce599c703a813f53.jpg,0,0,0,1,0,0,0,0
images_jpeg_jpg.rf.c59355f958df22e07bee86f6c6407787.jpg,0,0,0,0,1,0,0,0
IMG_1988_JPG.rf.73d164cb0cd2983ff56b0caf07caec49.jpg,0,0,0,0,0,0,1,0
4bq76d_jpg.rf.f3134dbd79f29165672e836a66d6c177.jpg,1,0,0,0,0,0,0,0
f74fe6235856d9f46a56baa02ab47165_jpg.rf.31833084b6fb00eebbdcca2648109bdf.jpg,1,0,0,0,0,0,0,0
Untitled_png_jpg.rf.fdaf5224380ffce4a5194667ae179561.jpg,0,0,0,0,1,0,0,0
12009705_1_jpg.rf.b0849bd1f9e8a92846168c72d7cca606.jpg,0,0,0,1,0,0,0,0
511lWlbTnML-_AC_UY1000__jpg.rf.5a6da35178f4ec50bc7239bd664ac556.jpg,0,0,0,1,0,0,0,0
abibas-TFE1_jpg.rf.4f849a0eb9020069a3fbb1860fbf9195.jpg,1,0,0,0,0,0,0,0
Untitled_png_jpg.rf.1d61a3497b4f06ce2a79565f4a83efec.jpg,0,0,0,0,1,0,0,0
nike-sb-dunk-low-grateful-dead-green-bear-cj5378-300-510x600_jpg.rf.ec650b66a3860ce6d941b513362a1b54.jpg,0,0,0,0,1,0,0,0
puma_logo_by_iamjihad_d2vk2jj-fullview_jpg.rf.6120ab7a07b2eae3ad67e936165dedfd.jpg,0,0,0,0,0,0,1,0
Adidas-Logo-1991_jpg.rf.372c14a3695ec03c017526528aa53e85.jpg,0,1,0,0,0,0,0,0
2b3fa760d48437c4e7281d1b7a2b7f5a_jpeg_jpg.rf.5001306f962bf593d0a71784d9d6a527.jpg,0,0,0,0,0,0,1,0
fake_adidas_shirt_1431267763_ee9148bc_jpg.rf.e53d555adb2f2e138997694a04812dfa.jpg,0,1,0,0,0,0,0,0
nikemercurialveloceiiidffgunvstyred__99389_jpg.rf.39a471841e15b0621fed99acfef2ace7.jpg,0,0,0,0,0,1,0,0
slwd2_512_jpg.rf.56fd1b12c415ea593672856b4c698256.jpg,1,0,0,0,0,0,0,0
IMG-1873_JPG_jpg.rf.ecc1afcb546f0272a9a76bdac529a739.jpg,0,1,0,0,0,0,0,0
91JJVhbmf5S-_UY879__jpg.rf.7d65290b8f2e1beeaa6be7f29f505d1b.jpg,0,0,0,0,0,1,0,0
417337-125-ss-01_jpg.rf.0e8847a99ca1318d508d996461e1b8a3.jpg,0,0,0,1,0,0,0,0
st-small-507x507-pad-600x600-f8f8f8_jpg.rf.d72760b51336f1905ad35c1b8d941438.jpg,1,0,0,0,0,0,0,0
30_png_jpg.rf.6fb4bb9f9e69a9bff93b0e7e9454e0a7.jpg,0,0,0,0,0,1,0,0
nike25_jpg.rf.653328816f555a0f9275e32d2198a69e.jpg,0,0,0,0,0,1,0,0
IMG_1992_JPG.rf.b01755f61c87259a725605094a37c006.jpg,0,0,0,0,0,0,1,0
2026556f-e5e9-4793-aa08-943708fc6d18_jpg.rf.20e76c84840876e8207676af6527576c.jpg,0,0,0,0,0,1,0,0
desktop-wallpaper-fila-logo-page-4_jpg.rf.6324f7b1b884d9c8c7be727fd4704cf4.jpg,0,0,0,1,0,0,0,0
fila-fakr11_jpg.rf.44593f77954f9f622d4b9c35809c9f48.jpg,0,0,1,0,0,0,0,0
fila-fake4_jpg.rf.96aab122df2890e0f86a7c0a13770c9a.jpg,0,0,1,0,0,0,0,0
IMG_1988_JPG.rf.b87f60943fa3014f95a24cec4bd06fec.jpg,0,0,0,0,0,0,1,0
64529513xlalt3_jpg.rf.92e99cd0ac6dc2779127217da1c0ae3e.jpg,0,0,0,0,0,1,0,0
ACW11103_600_M_2_1600x2000_jpg.rf.1dbe393c1e3b126435e94ea11635b022.jpg,0,0,0,1,0,0,0,0
IMG_1988_JPG.rf.6dcd5e50de7024104c496d48fc037d36.jpg,0,0,0,0,0,0,1,0
IMG-1853_jpg.rf.523418ddaa44a11b760dac59a26915b3.jpg,0,1,0,0,0,0,0,0
Untitled_jpeg_jpg.rf.7989f315de32109a8889b9bbdd055ce1.jpg,1,0,0,0,0,0,0,0
nike19_jpg.rf.3d4fa7489b7d22fa4b6174deae0f7181.jpg,0,0,0,0,0,1,0,0
12011837_1_jpg.rf.035274d6144a7887bddda5ff15cfd027.jpg,0,0,0,1,0,0,0,0
11009800_1_jpg.rf.2c8e08bfc7709ba96fb32d7a23969a69.jpg,0,0,0,1,0,0,0,0
IMG_1938_JPG_jpg.rf.810f67d428dd57da3df6ab73a6938e7e.jpg,0,0,0,0,0,0,0,1
fila-fake17_jpg.rf.38b5ed9c534ec580fd81477375d83705.jpg,0,0,1,0,0,0,0,0
il_fullxfull-5280559497_74ik_jpg.rf.10c549636a156cd71fdc307b45a4dfc7.jpg,0,0,0,0,0,0,0,1
IMG_1944_JPG_jpg.rf.57c9ab51066f2ccf5131ca8b79e47738.jpg,0,0,0,0,0,0,0,1
b1977bef-4ebe-497f-8011-1e6ebedd80ff_jpg.rf.ffaef486064e5f055ceb0db02ebae81e.jpg,0,0,0,0,0,1,0,0
nike-mens-air-sport-t-shirt-black-p19492-81235_image_jpg.rf.3bb668d7ff9a199300868d87d1b79924.jpg,0,0,0,0,0,1,0,0
a09204ac40f41435614e79775cfc4688_jpg.rf.11210eee869662e3cf21ca81025b98b7.jpg,0,0,0,0,0,0,1,0
IMG_1935_JPG_jpg.rf.542da59e3c356057cdc1e980a772f631.jpg,0,0,0,0,0,0,0,1
m-53008994-puma-original-imaghfuyus6x4hvm_jpg.rf.e51238988a3d0febba30baffb78879f4.jpg,0,0,0,0,0,0,0,1
fila-fake4_jpg.rf.19fa31ec35d2718873a582a61155d684.jpg,0,0,1,0,0,0,0,0
Untitled_png_jpg.rf.40c34c905806ce45b0b4f2e72895bd86.jpg,0,0,0,0,1,0,0,0
64529513xlalt3_jpg.rf.e8802e3039a767acc9427c8e7ffb2faa.jpg,0,0,0,0,0,1,0,0
11009881_2_jpg.rf.11db9a6f2509d10736a487ad48bd78ed.jpg,0,0,0,1,0,0,0,0
511lWlbTnML-_AC_UY1000__jpg.rf.c8fcc45a425e345cf78faeeb5f4210b9.jpg,0,0,0,1,0,0,0,0
IMG_1989_JPG.rf.be7a413d8f962c3d25bb4c94a0e9002d.jpg,0,0,0,0,0,0,1,0
okkk_jpeg_jpg.rf.3cb6a72de1232d4cde6a9f11f16fccf9.jpg,0,0,0,0,0,0,1,0
11010061_4_jpg.rf.d907c2747932fdc0e98fbd3edeeb56b3.jpg,0,0,0,1,0,0,0,0
7ucpwa_jpg.rf.11590e7d5f78e0e84891c8a935769e85.jpg,0,0,0,0,1,0,0,0
52747000_000_jpg.rf.9d50e8d5ec0afa2189d8f604b167c389.jpg,0,0,0,0,0,1,0,0
8bc8be698d73566fac6dd992fd9864b4_jpg.rf.33849f2cf3be7f7185e1da1c0b05ad37.jpg,0,0,0,0,0,0,0,1
nike30_jpg.rf.e8e582538d11455b783a321e4f59a0b8.jpg,0,0,0,0,0,1,0,0
9ef9d892b4ce6ea46186e7ad681d89ba_jpeg_jpg.rf.fa8e4759ee444b184533886aebaabfd5.jpg,0,0,0,0,1,0,0,0
IMG_1990_PNG.rf.c38ba7b2a9a6e4b21f2ea0739102424b.jpg,0,0,0,0,0,0,1,0
IMG-1853_jpg.rf.c7c3ea84b5e0e1a094ae6787d14bda00.jpg,0,1,0,0,0,0,0,0
12012207_2_jpg.rf.40cce82448e9446f7a9316c6103d6fbb.jpg,0,0,0,1,0,0,0,0
logo_jpg.rf.7d4b887f349dc0aa82a4fd62b13f897a.jpg,0,0,0,0,1,1,0,0
IMG_1942_JPG_jpg.rf.ca32eab78c649bf3620c746e1edaa074.jpg,0,0,0,0,0,0,0,1
evrim-kabadayi-adidas-fake_jpg.rf.28f2c053a470afc642417314c976f53d.jpg,1,0,0,0,0,0,0,0
men-abibas-slipper-500x500_jpg.rf.436142b7ed187be1131e6bffd3526ee6.jpg,1,0,0,0,0,0,0,0
f74fe6235856d9f46a56baa02ab47165_jpg.rf.ed5e5cc76e72441fca6a1c3e65991e71.jpg,1,0,0,0,0,0,0,0
nike-sb-nike-satire-canvas-black-lt-crimson-drk-base-grey_jpg.rf.fdd6c03750f1bc265968bf800329307c.jpg,0,0,0,0,0,1,0,0
iiafwdmiwriz_png_jpg.rf.7609b56ee82323ea9ffc5f86d1acfd53.jpg,0,0,0,0,0,0,1,0
images_jpeg_jpg.rf.19cb825e42034ca54d3d5e9542895d04.jpg,0,0,0,0,1,0,0,0
IMG-1874_JPG_jpg.rf.4f8a46f69c9c1381feb4f0f0bf3458c8.jpg,0,1,0,0,0,0,0,0
fila-fake5_jpg.rf.b9e5c974d0e95478346cf307a1e33b60.jpg,0,0,1,0,0,0,0,0
IMG_2007_PNG.rf.439aa88f4474baad0c0d46b9dd4f31ee.jpg,0,0,0,0,0,0,1,0
The-Trefoil-adidas-logo-1_jpg.rf.7ff8dc9a7c67001770c70dab51b08e9f.jpg,0,1,0,0,0,0,0,0
IMG_1955_JPG_jpg.rf.038595d1ddd9005f2541dff3caa97244.jpg,0,0,0,0,0,0,0,1
fila-fake1_jpg.rf.7e6e3ca1d8966c0a89a337a37b682d54.jpg,0,0,1,0,0,0,0,0
nike24_jpg.rf.1ccf94447bf891d1160778c651193a71.jpg,0,0,0,0,0,1,0,0
real-nike-1_jpg.rf.23f4e380724e4342e06b272440321ae7.jpg,0,0,0,0,0,1,0,0
main-qimg-e16c8905e31d61bf88b6b2d9ebb03ba9_jpg.rf.848d72915f1cda991b12c73c9410931f.jpg,1,0,0,0,0,0,0,0
fila-fake-8_jpg.rf.ac97e9a5da5117ca01aa8937109da566.jpg,0,0,1,0,0,0,0,0
12011822_1_jpg.rf.ae8fa2b92ca34fe5ad16cff19e5e6663.jpg,0,0,0,1,0,0,0,0
hhhh_png_jpg.rf.239e1b081a39d8273cebc59e853795ea.jpg,0,0,0,0,1,0,0,0
05419701_1_dkmjh6tpuie6rx8u_jpg.rf.dee5319d133cb54f3e055dee32d8aea7.jpg,0,0,0,0,0,0,0,1
IMG-1869_jpg.rf.ffcc230a7451a005d4f53c7e5e3f71cc.jpg,0,1,0,0,0,0,0,0
12011412_1_jpg.rf.dd34b81aa0019dccd3dec8f3bf747331.jpg,0,0,0,1,0,0,0,0
IMG_1951_JPG_jpg.rf.3b1acf58c16e135e7a00386bae4acc9b.jpg,0,0,0,0,0,0,0,1
52747000_000_jpg.rf.c77f0541ed6f5243045bd64fbaded7cc.jpg,0,0,0,0,0,1,0,0
main-qimg-00b1b9efe5f8546bdb1d6207974da28f-lq_jpeg_jpg.rf.00dbff6b6e9e17b85a93b269bb421ec8.jpg,1,1,0,0,0,0,0,0
IMG_1995_JPG.rf.896310d28bff8c2a15556e146718dd6e.jpg,0,0,0,0,0,0,1,0
IMG_1954_JPG_jpg.rf.fe961ffe60a59158cf0468f4965c17f0.jpg,0,0,0,0,0,0,0,1
fika-fake25_jpg.rf.91d24177a54f9790cd05cc64e74a7afc.jpg,0,0,1,0,0,0,0,0
-original-imagt59vrrx85dev_jpg.rf.3382e4896bbf9e936ee8862831f4b28b.jpg,0,0,0,0,0,0,0,1
3117e38a2084d9f4af3f8a3a40c333d5_jpg.rf.4aec449c4a07163f1942e3ac7c503ad7.jpg,1,0,0,0,0,0,0,0
fila-fake-19_jpg.rf.4a4f49ec2af364506b07e1777a8fdda9.jpg,0,0,1,0,0,0,0,0
IMG_1957_JPG_jpg.rf.d99a1beeffbff4c6c8ec809093ef45fb.jpg,0,0,0,0,0,0,0,1
IMG-1860_jpg.rf.cc42bc2c1ffbcb8f34778116799e7d55.jpg,0,1,0,0,0,0,0,0
product-jpeg-500x500_jpg.rf.0dbae7fd4742182d86f556598dcf4cdf.jpg,1,0,0,0,0,0,0,0
fila-fakr10_jpg.rf.2c5b96bbb767030cefc211ece97748da.jpg,0,0,1,0,0,0,0,0
nike17_jpg.rf.2960cf57a16c8a8e1bb5ecd3b65366ac.jpg,0,0,0,0,0,1,0,0
adidas-m-fr-lg-t-376665-gt3114_jpeg_jpg.rf.d4fc4c8557b3d701696c4155be3ba626.jpg,0,1,0,0,0,0,0,0
IMG_1941_JPG_jpg.rf.bb428f6ef565c5d24d9d3d4867a958c1.jpg,0,0,0,0,0,0,0,1
IMG_1996_PNG.rf.44fb40413b128d711ff2c959f5d2eeef.jpg,0,0,0,0,0,0,1,0
imageshh_jpeg_jpg.rf.58f09ab40f117019fd650e4d8848f635.jpg,0,0,0,0,0,0,1,0
desktop-wallpaper-fila-logo-page-4_jpg.rf.5dbd3159fc1d816390ae733db323811a.jpg,0,0,0,1,0,0,0,0
nike32_jpg.rf.a7df262f852b6182ef4bd39231aa88bc.jpg,0,0,0,0,0,1,0,0
Nike_logo_jpg.rf.32113dc718d631ef89afef77d75e9ceb.jpg,0,0,0,0,0,1,0,0
fila-fake-20_jpg.rf.28fc3be7c58d06c0c4e533aa2aefd286.jpg,0,0,1,0,0,0,0,0
dddd_jpeg_jpg.rf.2bfbb9cf134b79947a11076a543cf03c.jpg,0,1,0,0,0,0,0,0
12009757_1_jpg.rf.09b0228df4dcdeda7ca180c5f7575591.jpg,0,0,0,1,0,0,0,0
6bf8089c6bc147e6a695d636e8f40997_png_jpg.rf.34afe183aab888c2130e88a5be02dcdf.jpg,0,0,0,0,0,0,1,0
6-61401_adidas-logo-png-for-kids-adidas_jpeg_jpg.rf.42da799efb2e8ca3d275e8be405ccb93.jpg,0,1,0,0,0,0,0,0
hjji_jpeg_jpg.rf.77d56604c8a0db9411b6c7e6e9c0cecb.jpg,0,0,0,0,1,0,0,0
real-nike-1_jpg.rf.b88157f50c6c8d27764e84bb9ec8bd0d.jpg,0,0,0,0,0,1,0,0
64529513xlalt3_jpg.rf.2a44cfa8028082dbd745e814e8314c31.jpg,0,0,0,0,0,1,0,0
25_jpg.rf.54c846825d910d2a6f22f63eec6ceadd.jpg,0,0,0,0,0,1,0,0
wp7484399_jpg.rf.267fe943e4d3355649876e6db0899b8c.jpg,0,0,0,0,0,1,0,0
880555-400_C_jpg.rf.5fbe7dc944c12970546aed1597e4bad9.jpg,0,0,0,0,0,1,0,0
nike14_jpg.rf.c625c188320a3c24ccfe2a6e78252a1a.jpg,0,0,0,0,0,1,0,0
IMG_1935_JPG_jpg.rf.296e3a379eba57d579088c93dc45d752.jpg,0,0,0,0,0,0,0,1
IMG_1929_JPG_jpg.rf.69e1c99d05cfd05fd319b95c36909622.jpg,0,0,0,0,0,0,0,1
fila-fake2_jpg.rf.c325f3a16e623282e4f7264c47ba828f.jpg,0,0,1,0,0,0,0,0
hhhh_png_jpg.rf.2c266beb9ea02d7bc18a411c50b2049c.jpg,0,0,0,0,1,0,0,0
IMG_1951_JPG_jpg.rf.848b3db41cc534ba91d486490eac2eb1.jpg,0,0,0,0,0,0,0,1
IMG_1992_JPG.rf.9f827a216c070b2d646951c326c038ad.jpg,0,0,0,0,0,0,1,0
12009705_1_jpg.rf.7dcdfdb296c662798e790b85a1b505f3.jpg,0,0,0,1,0,0,0,0
IMG-1860_jpg.rf.98e8c9af00b293d369aba94799d97478.jpg,0,1,0,0,0,0,0,0
05419701_1_dkmjh6tpuie6rx8u_jpg.rf.8baf66d1270b20f59705c03b2a0ed2d1.jpg,0,0,0,0,0,0,0,1
IMG_1995_JPG.rf.307d70d62d6866018b975241900ee241.jpg,0,0,0,0,0,0,1,0
dddd_jpeg_jpg.rf.2a7684bfbb8a5ba8cb6746fe91db2f23.jpg,0,1,0,0,0,0,0,0
imageshh_jpeg_jpg.rf.0ecc0cc1567c40ae4c1c21071442a9b1.jpg,0,0,0,0,0,0,1,0
IMG_2007_PNG.rf.94e8cf21710b11fbe23aec95073e9f91.jpg,0,0,0,0,0,0,1,0
adidas-m-fr-lg-t-376665-gt3114_jpeg_jpg.rf.6a2a63c87e9be48adb5af97df18c7974.jpg,0,1,0,0,0,0,0,0
IMG_1954_JPG_jpg.rf.a773b3432c5e4cfdc73ec00822a58688.jpg,0,0,0,0,0,0,0,1
fila-fake12_jpg.rf.a510a6b5290678120016c31b3d7ac792.jpg,0,0,1,0,0,0,0,0
Untitled_jpeg_jpg.rf.8b776603f382069c866d143268f6192a.jpg,1,0,0,0,0,0,0,0
IMG-1869_jpg.rf.e2f006dca95d95067476d3d829a6d419.jpg,0,1,0,0,0,0,0,0
12011412_1_jpg.rf.308cc2b138dc02a5923b6203c29da05f.jpg,0,0,0,1,0,0,0,0
fila-fake9_jpg.rf.e70515e85b68da0aab3c8e0b9128201a.jpg,0,0,1,0,0,0,0,0
fila-fake21_jpg.rf.5ff7d211a22a75c7848a54b1ec45f109.jpg,0,0,1,0,0,0,0,0
12009757_1_jpg.rf.c84dfe906b385e48003328c66599fa46.jpg,0,0,0,1,0,0,0,0
adidas-new-20225326_jpg.rf.fe71cb6220d345b00c2e38193803e101.jpg,0,1,0,0,0,0,0,0
nike15_jpg.rf.b82b62fc9e95d837fec0659146014d15.jpg,0,0,0,0,1,0,0,0
717Hv10JLZL-_UX569__jpg.rf.a62f5d5f1602aeed16c5317426c884ed.jpg,0,0,0,0,0,1,0,0
IMG_1993_JPG.rf.2625809b4a73fb7f36c715acd02fa07d.jpg,0,0,0,0,0,0,1,0
fila-fake9_jpg.rf.e60612c589283c787bedc2857e292654.jpg,0,0,1,0,0,0,0,0
Puma-Symbol_jpg.rf.c94b93b4545d03052474f34aacbf296b.jpg,0,0,0,0,0,0,0,1
880555-400_C_jpg.rf.b607d2cd4463e6024bb5694ded606a6a.jpg,0,0,0,0,0,1,0,0
Puma-Symbol_jpg.rf.fa1e7aabc8cde493b9640c244b70d45c.jpg,0,0,0,0,0,0,0,1
just-hit-nike-hoodie_jpg.rf.9780279cbb0d8b3cde5d528327b26ea3.jpg,0,0,0,0,1,0,0,0
41amU70GrLL_jpg.rf.b2eead269d57e0b482029a408ec9c15f.jpg,0,0,0,0,0,1,0,0
fila-brand-logo-clothes-symbol-with-name-design-fashion-illustration-free-vector_jpg.rf.f15d75f206fc19cefce91c8288b5ce5f.jpg,0,0,0,1,0,0,0,0
12011418_1_jpg.rf.f62f2cdd5a235e599b5be6781267861e.jpg,0,0,0,1,0,0,0,0
xhx0pyb2xap21_jpg.rf.444587b6e1a4dd8cae7d25abc51b3cac.jpg,0,0,0,0,1,0,0,0
images_jpeg_jpg.rf.1cfa59b1e9ca18c512a455cbd5295699.jpg,0,0,0,0,0,0,1,0
IMG_1956_JPG_jpg.rf.5b7b9419b12b57b8d907197b75275b2d.jpg,0,0,0,0,0,0,0,1
41amU70GrLL_jpg.rf.40634c12c03d81a80d9d729a9ba3ce50.jpg,0,0,0,0,0,1,0,0
IMG_1956_JPG_jpg.rf.f40ba2478e880fdd4f042b0e85578809.jpg,0,0,0,0,0,0,0,1
nike32_jpg.rf.630ae967417476b5a1ae1185a7727fd4.jpg,0,0,0,0,0,1,0,0
IMG_1993_JPG.rf.33766125495cca969fe8570fe8324243.jpg,0,0,0,0,0,0,1,0
-original-imagt59vrrx85dev_jpg.rf.ebb7e9a497d95c8d781a6b1fb68b44e5.jpg,0,0,0,0,0,0,0,1
IMG_1943_JPG_jpg.rf.1fdb1f64a8efcac883bbf8b46f2a5cf3.jpg,0,0,0,0,0,0,0,1
12009757_1_jpg.rf.63aa50b089187dae916eb920a9691812.jpg,0,0,0,1,0,0,0,0
nike17_jpg.rf.01354d7028f346b8a68a94256889ba62.jpg,0,0,0,0,0,1,0,0
dddd_jpeg_jpg.rf.cdfc71e59f8674f8f3fed87929724b74.jpg,0,1,0,0,0,0,0,0
6-61401_adidas-logo-png-for-kids-adidas_jpeg_jpg.rf.9ad3ff07f8aeddef4e4ba94432516a81.jpg,0,1,0,0,0,0,0,0
imageshh_jpeg_jpg.rf.fbe4f093bac51dd0aaad1155ed434d58.jpg,0,0,0,0,0,0,1,0
25_jpg.rf.c06d1f99f067415c4f461f0fc62b653c.jpg,0,0,0,0,0,1,0,0
fila-fake-20_jpg.rf.fdd4ae88714d9007fb5e3736b7fa2f6e.jpg,0,0,1,0,0,0,0,0
IMG_1990_PNG.rf.9d9655de9d7aeb4f6b004b23090861f4.jpg,0,0,0,0,0,0,1,0
just-hit-nike-hoodie_jpg.rf.40f22ff541cc38369042da420fcfe677.jpg,0,0,0,0,1,0,0,0
05419701_1_dkmjh6tpuie6rx8u_jpg.rf.5ee02c2b9b748bd8cb2cec8f17f3805c.jpg,0,0,0,0,0,0,0,1
Nike_logo_jpg.rf.920deb1fb31c241ba09afe0ea59918c0.jpg,0,0,0,0,0,1,0,0
abibas-TFE1_jpg.rf.5db4232f89ab2044ddc0a0187d47d9bd.jpg,1,0,0,0,0,0,0,0
men-abibas-slipper-500x500_jpg.rf.50f1bb6dd51e88ec69cf9a104da04d4d.jpg,1,0,0,0,0,0,0,0
abibas-TFE1_jpg.rf.5c96e60c58cc83cc6292eba84bdf8e8e.jpg,1,0,0,0,0,0,0,0
fila-fake-18_jpg.rf.1b9226e515f381f74c0b8669fe82f875.jpg,0,0,1,0,0,0,0,0
f74fe6235856d9f46a56baa02ab47165_jpg.rf.605c588008c5086b9db7753d1eb4a25c.jpg,1,0,0,0,0,0,0,0
717Hv10JLZL-_UX569__jpg.rf.986b549e9ab71ee20915519bf355f3eb.jpg,0,0,0,0,0,1,0,0
IMG_1934_JPG_jpg.rf.b83e4f00af04446cc688a422af8f6ced.jpg,0,0,0,0,0,0,0,1
IMG_1992_JPG.rf.4cae17c30686ea8521d1177436d05b29.jpg,0,0,0,0,0,0,1,0
IMG_1943_JPG_jpg.rf.0f6416c4d5836f8a08ab7df7b23b1e09.jpg,0,0,0,0,0,0,0,1
12011418_1_jpg.rf.5d93d485ba8c8fe6390897161daf4888.jpg,0,0,0,1,0,0,0,0
images_jpeg_jpg.rf.849300a4ce4cad8b7782eacd6f4c606e.jpg,0,0,0,0,0,0,1,0
fila-brand-logo-clothes-symbol-with-name-design-fashion-illustration-free-vector_jpg.rf.08fbed6478d4794e106031fdfd3f0d19.jpg,0,0,0,1,0,0,0,0
41amU70GrLL_jpg.rf.99514ad6c9b9ef302df460d56169234e.jpg,0,0,0,0,0,1,0,0
12009705_1_jpg.rf.acabd2868730f5f1741ac1ef9e13e7df.jpg,0,0,0,1,0,0,0,0
Puma-Symbol_jpg.rf.a3ba10932f81d29f1a6c8a5d937431bb.jpg,0,0,0,0,0,0,0,1
images_jpeg_jpg.rf.d18ec9c38037e9cfb12495c8b3254460.jpg,0,0,0,0,1,0,0,0
fila-fake2_jpg.rf.b20c61a48dd68221565b4c18f9759b68.jpg,0,0,1,0,0,0,0,0
IMG_1993_JPG.rf.5e7348a2eb3a7a077b32c5756eb294bc.jpg,0,0,0,0,0,0,1,0
Untitled_jpeg_jpg.rf.9aa4340309d5d8d9de6be0289631740e.jpg,1,0,0,0,0,0,0,0
nike14_jpg.rf.495964878a9a66c96ab318d8c0cb764c.jpg,0,0,0,0,0,1,0,0
IMG_1935_JPG_jpg.rf.969c9c91d46ff5a12277ca1cf05ca8b5.jpg,0,0,0,0,0,0,0,1
IMG_1929_JPG_jpg.rf.b327287c0b45e2d715113c09adfdbe57.jpg,0,0,0,0,0,0,0,1
fika-fake25_jpg.rf.b55678f39ffef884b0e192b32d5b88d6.jpg,0,0,1,0,0,0,0,0
fila-fake-18_jpg.rf.636a378c7b84fd481b890fab1059f8c9.jpg,0,0,1,0,0,0,0,0
IMG_1934_JPG_jpg.rf.75e0a2bbb2184a5199e43ce5fdcece4e.jpg,0,0,0,0,0,0,0,1
fila-fake-8_jpg.rf.9a0eac6ce455ee3873ca42662aafdb1e.jpg,0,0,1,0,0,0,0,0
IMG_1996_PNG.rf.ead24006fd152bdfbb2f0059f0db4487.jpg,0,0,0,0,0,0,1,0
IMG_1956_JPG_jpg.rf.9f47b610fdc48d184f31f8dd96c3fc1b.jpg,0,0,0,0,0,0,0,1
fila-fake-8_jpg.rf.f8b516674ce755256bf82bc98f3cd6de.jpg,0,0,1,0,0,0,0,0
IMG_1940_JPG_jpg.rf.f6a98f7abec85fd086a1dd9afc80a081.jpg,0,0,0,0,0,0,0,1
nike14_jpg.rf.8419c1871bd921685a6a27013cf833ec.jpg,0,0,0,0,0,1,0,0
fika-fake25_jpg.rf.8da409ea1ce7d11c63e462e6a1f3dafd.jpg,0,0,1,0,0,0,0,0
IMG_1929_JPG_jpg.rf.f3d7762f5328a79cead0238ef047a7e2.jpg,0,0,0,0,0,0,0,1
evrim-kabadayi-adidas-fake_jpg.rf.861e0a31608be74854a37ed2f89c0668.jpg,1,0,0,0,0,0,0,0
b4ba9ff59e08ed37ece6d3a7fc495013_jpg.rf.9ebfb47220629c7adeaf27c1ac84b355.jpg,0,0,0,0,0,0,1,0
IMG_2001_JPG.rf.095ca369d6d50dbad37720a01ce5bd1e.jpg,0,0,0,0,0,0,1,0
fila-fake6_jpg.rf.db88d40d418a96087df07bb19cde0c49.jpg,0,0,1,0,0,0,0,0
52747000_000_jpg.rf.9fe31cf0829935b2b66a73395e8ba065.jpg,0,0,0,0,0,1,0,0
IMG-1853_jpg.rf.c31aef11840f8cc4d04ff30b3199b2f8.jpg,0,1,0,0,0,0,0,0
fila-fake4_jpg.rf.c1774633a5b5137738f44c38213e4d93.jpg,0,0,1,0,0,0,0,0
596628_png_jpg.rf.aed4dda27ba2a5b49bf702b4a67d8087.jpg,0,0,0,0,1,0,0,0